"","X","data","denominazione_regione","denominazione_provincia","totale_casi_mid","deceduti_mid"
"1",77,"2020-03-10T18:00:00","Sicilia","Agrigento",11,0
"2",58,"2020-03-10T18:00:00","Piemonte","Alessandria",65,17
"3",51,"2020-03-10T18:00:00","Marche","Ancona",81,13
"4",99,"2020-03-10T18:00:00","Valle d'Aosta","Aosta",17,0
"5",86,"2020-03-10T18:00:00","Toscana","Arezzo",13,1
"6",52,"2020-03-10T18:00:00","Marche","Ascoli Piceno",0,13
"7",59,"2020-03-10T18:00:00","Piemonte","Asti",58,17
"8",12,"2020-03-10T18:00:00","Campania","Avellino",3,0
"9",66,"2020-03-10T18:00:00","Puglia","Bari",15,3
"10",67,"2020-03-10T18:00:00","Puglia","Barletta-Andria-Trani",3,3
"11",100,"2020-03-10T18:00:00","Veneto","Belluno",29,26
"12",13,"2020-03-10T18:00:00","Campania","Benevento",4,0
"13",39,"2020-03-10T18:00:00","Lombardia","Bergamo",1472,468
"14",60,"2020-03-10T18:00:00","Piemonte","Biella",20,17
"15",17,"2020-03-10T18:00:00","Emilia-Romagna","Bologna",86,85
"16",6,"2020-03-10T18:00:00","P.A. Bolzano","Bolzano",38,0
"17",40,"2020-03-10T18:00:00","Lombardia","Brescia",790,468
"18",68,"2020-03-10T18:00:00","Puglia","Brindisi",5,3
"19",72,"2020-03-10T18:00:00","Sardegna","Cagliari",15,0
"20",78,"2020-03-10T18:00:00","Sicilia","Caltanissetta",0,0
"21",56,"2020-03-10T18:00:00","Molise","Campobasso",15,0
"110",76,"2020-03-10T18:00:00","Sardegna","Carbonia-Iglesias",0,0
"22",14,"2020-03-10T18:00:00","Campania","Caserta",34,0
"23",79,"2020-03-10T18:00:00","Sicilia","Catania",35,0
"24",7,"2020-03-10T18:00:00","Calabria","Catanzaro",3,0
"25",0,"2020-03-10T18:00:00","Abruzzo","Chieti",9,1
"26",41,"2020-03-10T18:00:00","Lombardia","Como",46,468
"27",8,"2020-03-10T18:00:00","Calabria","Cosenza",6,0
"28",42,"2020-03-10T18:00:00","Lombardia","Cremona",957,468
"29",9,"2020-03-10T18:00:00","Calabria","Crotone",0,0
"30",61,"2020-03-10T18:00:00","Piemonte","Cuneo",14,17
"31",80,"2020-03-10T18:00:00","Sicilia","Enna",1,0
"32",53,"2020-03-10T18:00:00","Marche","Fermo",6,13
"33",18,"2020-03-10T18:00:00","Emilia-Romagna","Ferrara",8,85
"34",87,"2020-03-10T18:00:00","Toscana","Firenze",61,1
"35",69,"2020-03-10T18:00:00","Puglia","Foggia",23,3
"36",19,"2020-03-10T18:00:00","Emilia-Romagna","Forlì-Cesena",20,85
"37",30,"2020-03-10T18:00:00","Lazio","Frosinone",6,6
"38",35,"2020-03-10T18:00:00","Liguria","Genova",42,8
"39",26,"2020-03-10T18:00:00","Friuli Venezia Giulia","Gorizia",10,3
"40",88,"2020-03-10T18:00:00","Toscana","Grosseto",10,1
"41",36,"2020-03-10T18:00:00","Liguria","Imperia",15,8
"42",57,"2020-03-10T18:00:00","Molise","Isernia",0,0
"43",1,"2020-03-10T18:00:00","Abruzzo","L'Aquila",6,1
"44",37,"2020-03-10T18:00:00","Liguria","La Spezia",15,8
"45",31,"2020-03-10T18:00:00","Lazio","Latina",11,6
"46",70,"2020-03-10T18:00:00","Puglia","Lecce",10,3
"47",43,"2020-03-10T18:00:00","Lombardia","Lecco",89,468
"48",89,"2020-03-10T18:00:00","Toscana","Livorno",14,1
"49",44,"2020-03-10T18:00:00","Lombardia","Lodi",963,468
"50",90,"2020-03-10T18:00:00","Toscana","Lucca",37,1
"51",54,"2020-03-10T18:00:00","Marche","Macerata",11,13
"52",45,"2020-03-10T18:00:00","Lombardia","Mantova",119,468
"53",91,"2020-03-10T18:00:00","Toscana","Massa-Carrara",37,1
"54",4,"2020-03-10T18:00:00","Basilicata","Matera",3,0
"55",81,"2020-03-10T18:00:00","Sicilia","Messina",2,0
"110",76,"2020-03-10T18:00:00","Sardegna","Medio Campidano",0,0
"56",46,"2020-03-10T18:00:00","Lombardia","Milano",592,468
"57",20,"2020-03-10T18:00:00","Emilia-Romagna","Modena",127,85
"58",47,"2020-03-10T18:00:00","Lombardia","Monza e Brianza",65,468
"59",15,"2020-03-10T18:00:00","Campania","Napoli",61,0
"60",62,"2020-03-10T18:00:00","Piemonte","Novara",22,17
"61",73,"2020-03-10T18:00:00","Sardegna","Nuoro",3,0
"90",76,"2020-03-10T18:00:00","Sardegna","Ogliastra",0,0
"110",76,"2020-03-10T18:00:00","Sardegna","Olbia-Tempio",0,0
"62",74,"2020-03-10T18:00:00","Sardegna","Oristano",1,0
"63",101,"2020-03-10T18:00:00","Veneto","Padova",296,26
"64",82,"2020-03-10T18:00:00","Sicilia","Palermo",10,0
"65",21,"2020-03-10T18:00:00","Emilia-Romagna","Parma",325,85
"66",48,"2020-03-10T18:00:00","Lombardia","Pavia",324,468
"67",97,"2020-03-10T18:00:00","Umbria","Perugia",13,0
"68",55,"2020-03-10T18:00:00","Marche","Pesaro e Urbino",296,13
"69",2,"2020-03-10T18:00:00","Abruzzo","Pescara",18,1
"70",22,"2020-03-10T18:00:00","Emilia-Romagna","Piacenza",633,85
"71",92,"2020-03-10T18:00:00","Toscana","Pisa",31,1
"72",93,"2020-03-10T18:00:00","Toscana","Pistoia",21,1
"73",27,"2020-03-10T18:00:00","Friuli Venezia Giulia","Pordenone",4,3
"74",5,"2020-03-10T18:00:00","Basilicata","Potenza",4,0
"75",94,"2020-03-10T18:00:00","Toscana","Prato",7,1
"76",83,"2020-03-10T18:00:00","Sicilia","Ragusa",1,0
"77",23,"2020-03-10T18:00:00","Emilia-Romagna","Ravenna",24,85
"78",10,"2020-03-10T18:00:00","Calabria","Reggio di Calabria",3,0
"79",24,"2020-03-10T18:00:00","Emilia-Romagna","Reggio nell'Emilia",104,85
"80",32,"2020-03-10T18:00:00","Lazio","Rieti",1,6
"81",25,"2020-03-10T18:00:00","Emilia-Romagna","Rimini",206,85
"82",33,"2020-03-10T18:00:00","Lazio","Roma",76,6
"83",102,"2020-03-10T18:00:00","Veneto","Rovigo",10,26
"84",16,"2020-03-10T18:00:00","Campania","Salerno",17,0
"85",75,"2020-03-10T18:00:00","Sardegna","Sassari",1,0
"86",38,"2020-03-10T18:00:00","Liguria","Savona",38,8
"87",95,"2020-03-10T18:00:00","Toscana","Siena",33,1
"88",84,"2020-03-10T18:00:00","Sicilia","Siracusa",2,0
"89",49,"2020-03-10T18:00:00","Lombardia","Sondrio",7,468
"91",71,"2020-03-10T18:00:00","Puglia","Taranto",3,3
"92",3,"2020-03-10T18:00:00","Abruzzo","Teramo",5,1
"93",98,"2020-03-10T18:00:00","Umbria","Terni",24,0
"94",63,"2020-03-10T18:00:00","Piemonte","Torino",111,17
"95",85,"2020-03-10T18:00:00","Sicilia","Trapani",0,0
"96",96,"2020-03-10T18:00:00","P.A. Trento","Trento",52,0
"97",103,"2020-03-10T18:00:00","Veneto","Treviso",158,26
"98",28,"2020-03-10T18:00:00","Friuli Venezia Giulia","Trieste",53,3
"99",29,"2020-03-10T18:00:00","Friuli Venezia Giulia","Udine",26,3
"100",50,"2020-03-10T18:00:00","Lombardia","Varese",50,468
"101",104,"2020-03-10T18:00:00","Veneto","Venezia",152,26
"102",64,"2020-03-10T18:00:00","Piemonte","Verbano-Cusio-Ossola",11,17
"103",65,"2020-03-10T18:00:00","Piemonte","Vercelli",18,17
"104",105,"2020-03-10T18:00:00","Veneto","Verona",96,26
"105",11,"2020-03-10T18:00:00","Calabria","Vibo Valentia",1,0
"106",106,"2020-03-10T18:00:00","Veneto","Vicenza",73,26
"107",34,"2020-03-10T18:00:00","Lazio","Viterbo",5,6
